Fami,ID,M1BW,Time,Tank,Pop
F01,F01-1,3.39,99,T1,P1
F01,F01-2,3.39,99,T1,P1
F01,F01-3,3.39,100,T1,P1
F01,F01-4,3.39,100,T1,P1
F01,F01-5,3.39,100,T1,P1
F01,F01-6,3.39,100,T1,P1
F01,F01-7,3.39,100,T1,P1
F01,F01-8,3.39,100,T1,P1
F01,F01-9,3.39,101,T1,P1
F01,F01-10,3.39,101,T1,P1
F01,F01-11,3.39,102,T1,P1
F01,F01-12,3.39,102,T1,P1
F02,F02-1,5.06,99,T1,P2
F02,F02-2,5.06,99,T1,P2
F02,F02-3,5.06,100,T1,P2
F02,F02-4,5.06,100,T1,P2
F02,F02-5,5.06,100,T1,P2
F02,F02-6,5.06,100,T1,P2
F02,F02-7,5.06,100,T1,P2
F02,F02-8,5.06,100,T1,P2
F02,F02-9,5.06,101,T1,P2
F02,F02-10,5.06,101,T1,P2
F02,F02-11,5.06,101,T1,P2
F02,F02-12,5.06,101,T1,P2
F03,F03-1,3.56,99,T1,P2
F03,F03-2,3.56,99,T1,P2
F03,F03-3,3.56,99,T1,P2
F03,F03-4,3.56,99,T1,P2
F03,F03-5,3.56,99,T1,P2
F03,F03-6,3.56,100,T1,P2
F03,F03-7,3.56,100,T1,P2
F03,F03-8,3.56,100,T1,P2
F03,F03-9,3.56,100,T1,P2
F03,F03-10,3.56,100,T1,P2
F03,F03-11,3.56,100,T1,P2
F03,F03-12,3.56,101,T1,P2
F04,F04-1,4.72,99,T1,P2
F04,F04-2,4.72,99,T1,P2
F04,F04-3,4.72,99,T1,P2
F04,F04-4,4.72,100,T1,P2
F04,F04-5,4.72,100,T1,P2
F04,F04-6,4.72,100,T1,P2
F04,F04-7,4.72,100,T1,P2
F04,F04-8,4.72,100,T1,P2
F04,F04-9,4.72,100,T1,P2
F04,F04-10,4.72,100,T1,P2
F04,F04-11,4.72,101,T1,P2
F04,F04-12,4.72,101,T1,P2
F04,F04-13,4.72,101,T1,P2
F05,F05-1,1.5,99,T1,P2
F05,F05-2,1.5,99,T1,P2
F05,F05-3,1.5,99,T1,P2
F05,F05-4,1.5,99,T1,P2
F05,F05-5,1.5,99,T1,P2
F05,F05-6,1.5,100,T1,P2
F05,F05-7,1.5,100,T1,P2
F05,F05-8,1.5,100,T1,P2
F05,F05-9,1.5,100,T1,P2
F05,F05-10,1.5,100,T1,P2
F05,F05-11,1.5,100,T1,P2
F05,F05-12,1.5,101,T1,P2
F05,F05-13,1.5,101,T1,P2
F06,F06-1,4,99,T1,P2
F06,F06-2,4,100,T1,P2
F06,F06-3,4,100,T1,P2
F06,F06-4,4,100,T1,P2
F06,F06-5,4,100,T1,P2
F06,F06-6,4,100,T1,P2
F06,F06-7,4,100,T1,P2
F06,F06-8,4,100,T1,P2
F06,F06-9,4,101,T1,P2
F06,F06-10,4,101,T1,P2
F06,F06-11,4,101,T1,P2
F06,F06-12,4,101,T1,P2
F07,F07-1,3.11,99,T1,P2
F07,F07-2,3.11,99,T1,P2
F07,F07-3,3.11,99,T1,P2
F07,F07-4,3.11,100,T1,P2
F07,F07-5,3.11,100,T1,P2
F07,F07-6,3.11,100,T1,P2
F07,F07-7,3.11,100,T1,P2
F07,F07-8,3.11,100,T1,P2
F07,F07-9,3.11,100,T1,P2
F07,F07-10,3.11,100,T1,P2
F07,F07-11,3.11,101,T1,P2
F07,F07-12,3.11,102,T1,P2
F07,F07-13,3.11,102,T1,P2
F08,F08-1,3.94,99,T1,P2
F08,F08-2,3.94,99,T1,P2
F08,F08-3,3.94,99,T1,P2
F08,F08-4,3.94,99,T1,P2
F08,F08-5,3.94,99,T1,P2
F08,F08-6,3.94,100,T1,P2
F08,F08-7,3.94,100,T1,P2
F08,F08-8,3.94,100,T1,P2
F08,F08-9,3.94,100,T1,P2
F08,F08-10,3.94,100,T1,P2
F08,F08-11,3.94,101,T1,P2
F08,F08-12,3.94,101,T1,P2
F08,F08-13,3.94,102,T1,P2
F09,F09-1,2.33,99,T1,P2
F09,F09-2,2.33,99,T1,P2
F09,F09-3,2.33,99,T1,P2
F09,F09-4,2.33,99,T1,P2
F09,F09-5,2.33,100,T1,P2
F09,F09-6,2.33,100,T1,P2
F09,F09-7,2.33,100,T1,P2
F09,F09-8,2.33,100,T1,P2
F09,F09-9,2.33,100,T1,P2
F09,F09-10,2.33,101,T1,P2
F09,F09-11,2.33,101,T1,P2
F09,F09-12,2.33,101,T1,P2
F09,F09-13,2.33,102,T1,P2
F10,F10-1,5.33,98,T1,P2
F10,F10-2,5.33,99,T1,P2
F10,F10-3,5.33,99,T1,P2
F10,F10-4,5.33,99,T1,P2
F10,F10-5,5.33,99,T1,P2
F10,F10-6,5.33,99,T1,P2
F10,F10-7,5.33,100,T1,P2
F10,F10-8,5.33,100,T1,P2
F10,F10-9,5.33,100,T1,P2
F10,F10-10,5.33,100,T1,P2
F10,F10-11,5.33,101,T1,P2
F10,F10-12,5.33,101,T1,P2
F10,F10-13,5.33,101,T1,P2
F11,F11-1,3.28,99,T1,P2
F11,F11-2,3.28,99,T1,P2
F11,F11-3,3.28,100,T1,P2
F11,F11-4,3.28,100,T1,P2
F11,F11-5,3.28,100,T1,P2
F11,F11-6,3.28,100,T1,P2
F11,F11-7,3.28,100,T1,P2
F11,F11-8,3.28,100,T1,P2
F11,F11-9,3.28,100,T1,P2
F11,F11-10,3.28,100,T1,P2
F11,F11-11,3.28,101,T1,P2
F11,F11-12,3.28,101,T1,P2
F11,F11-13,3.28,103,T1,P2
F12,F12-1,2.33,99,T1,P2
F12,F12-2,2.33,99,T1,P2
F12,F12-3,2.33,99,T1,P2
F12,F12-4,2.33,100,T1,P2
F12,F12-5,2.33,100,T1,P2
F12,F12-6,2.33,100,T1,P2
F12,F12-7,2.33,101,T1,P2
F12,F12-8,2.33,101,T1,P2
F12,F12-9,2.33,101,T1,P2
F12,F12-10,2.33,101,T1,P2
F12,F12-11,2.33,101,T1,P2
F13,F13-1,0.78,99,T1,P2
F13,F13-2,0.78,99,T1,P2
F13,F13-3,0.78,100,T1,P2
F13,F13-4,0.78,100,T1,P2
F13,F13-5,0.78,100,T1,P2
F13,F13-6,0.78,100,T1,P2
F13,F13-7,0.78,101,T1,P2
F13,F13-8,0.78,101,T1,P2
F13,F13-9,0.78,101,T1,P2
F13,F13-10,0.78,102,T1,P2
F13,F13-11,0.78,102,T1,P2
F13,F13-12,0.78,103,T1,P2
F13,F13-13,0.78,104,T1,P2
F14,F14-1,1.83,99,T1,P2
F14,F14-2,1.83,99,T1,P2
F14,F14-3,1.83,99,T1,P2
F14,F14-4,1.83,99,T1,P2
F14,F14-5,1.83,100,T1,P2
F14,F14-6,1.83,100,T1,P2
F14,F14-7,1.83,100,T1,P2
F14,F14-8,1.83,100,T1,P2
F14,F14-9,1.83,100,T1,P2
F14,F14-10,1.83,100,T1,P2
F14,F14-11,1.83,101,T1,P2
F14,F14-12,1.83,101,T1,P2
F14,F14-13,1.83,103,T1,P2
F15,F15-1,3.56,99,T1,P2
F15,F15-2,3.56,99,T1,P2
F15,F15-3,3.56,99,T1,P2
F15,F15-4,3.56,99,T1,P2
F15,F15-5,3.56,99,T1,P2
F15,F15-6,3.56,100,T1,P2
F15,F15-7,3.56,100,T1,P2
F15,F15-8,3.56,100,T1,P2
F15,F15-9,3.56,100,T1,P2
F15,F15-10,3.56,100,T1,P2
F15,F15-11,3.56,100,T1,P2
F15,F15-12,3.56,101,T1,P2
F16,F16-1,1.83,99,T1,P2
F16,F16-2,1.83,100,T1,P2
F16,F16-3,1.83,100,T1,P2
F16,F16-4,1.83,100,T1,P2
F16,F16-5,1.83,100,T1,P2
F16,F16-6,1.83,100,T1,P2
F16,F16-7,1.83,101,T1,P2
F16,F16-8,1.83,101,T1,P2
F16,F16-9,1.83,101,T1,P2
F16,F16-10,1.83,102,T1,P2
F16,F16-11,1.83,102,T1,P2
F16,F16-12,1.83,103,T1,P2
F16,F16-13,1.83,103,T1,P2
F17,F17-1,3.83,99,T1,P2
F17,F17-2,3.83,99,T1,P2
F17,F17-3,3.83,99,T1,P2
F17,F17-4,3.83,99,T1,P2
F17,F17-5,3.83,99,T1,P2
F17,F17-6,3.83,99,T1,P2
F17,F17-7,3.83,100,T1,P2
F17,F17-8,3.83,100,T1,P2
F17,F17-9,3.83,100,T1,P2
F17,F17-10,3.83,100,T1,P2
F17,F17-11,3.83,100,T1,P2
F17,F17-12,3.83,101,T1,P2
F17,F17-13,3.83,101,T1,P2
F18,F18-1,2.17,99,T1,P2
F18,F18-2,2.17,99,T1,P2
F18,F18-3,2.17,99,T1,P2
F18,F18-4,2.17,99,T1,P2
F18,F18-5,2.17,99,T1,P2
F18,F18-6,2.17,100,T1,P2
F18,F18-7,2.17,100,T1,P2
F18,F18-8,2.17,100,T1,P2
F18,F18-9,2.17,100,T1,P2
F18,F18-10,2.17,100,T1,P2
F18,F18-11,2.17,101,T1,P2
F18,F18-12,2.17,101,T1,P2
F18,F18-13,2.17,102,T1,P2
F19,F19-1,3.61,99,T1,P2
F19,F19-2,3.61,99,T1,P2
F19,F19-3,3.61,99,T1,P2
F19,F19-4,3.61,99,T1,P2
F19,F19-5,3.61,100,T1,P2
F19,F19-6,3.61,100,T1,P2
F19,F19-7,3.61,100,T1,P2
F19,F19-8,3.61,100,T1,P2
F19,F19-9,3.61,100,T1,P2
F19,F19-10,3.61,100,T1,P2
F19,F19-11,3.61,101,T1,P2
F19,F19-12,3.61,101,T1,P2
F20,F20-1,3.44,99,T1,P2
F20,F20-2,3.44,99,T1,P2
F20,F20-3,3.44,99,T1,P2
F20,F20-4,3.44,100,T1,P2
F20,F20-5,3.44,100,T1,P2
F20,F20-6,3.44,100,T1,P2
F20,F20-7,3.44,100,T1,P2
F20,F20-8,3.44,100,T1,P2
F20,F20-9,3.44,101,T1,P2
F20,F20-10,3.44,101,T1,P2
F20,F20-11,3.44,101,T1,P2
F20,F20-12,3.44,102,T1,P2
F20,F20-13,3.44,105,T1,P2
F21,F21-1,1.72,99,T1,P2
F21,F21-2,1.72,99,T1,P2
F21,F21-3,1.72,99,T1,P2
F21,F21-4,1.72,100,T1,P2
F21,F21-5,1.72,100,T1,P2
F21,F21-6,1.72,100,T1,P2
F21,F21-7,1.72,100,T1,P2
F21,F21-8,1.72,100,T1,P2
F21,F21-9,1.72,100,T1,P2
F21,F21-10,1.72,101,T1,P2
F21,F21-11,1.72,101,T1,P2
F21,F21-12,1.72,101,T1,P2
F21,F21-13,1.72,102,T1,P2
F22,F22-1,3.06,99,T1,P2
F22,F22-2,3.06,99,T1,P2
F22,F22-3,3.06,100,T1,P2
F22,F22-4,3.06,100,T1,P2
F22,F22-5,3.06,100,T1,P2
F22,F22-6,3.06,100,T1,P2
F22,F22-7,3.06,100,T1,P2
F22,F22-8,3.06,100,T1,P2
F22,F22-9,3.06,100,T1,P2
F22,F22-10,3.06,100,T1,P2
F22,F22-11,3.06,101,T1,P2
F22,F22-12,3.06,101,T1,P2
F23,F23-1,3.28,99,T1,P2
F23,F23-2,3.28,99,T1,P2
F23,F23-3,3.28,99,T1,P2
F23,F23-4,3.28,100,T1,P2
F23,F23-5,3.28,100,T1,P2
F23,F23-6,3.28,100,T1,P2
F23,F23-7,3.28,100,T1,P2
F23,F23-8,3.28,100,T1,P2
F23,F23-9,3.28,100,T1,P2
F23,F23-10,3.28,100,T1,P2
F23,F23-11,3.28,101,T1,P2
F23,F23-12,3.28,101,T1,P2
F23,F23-13,3.28,101,T1,P2
F24,F24-1,3.61,99,T1,P2
F24,F24-2,3.61,99,T1,P2
F24,F24-3,3.61,99,T1,P2
F24,F24-4,3.61,99,T1,P2
F24,F24-5,3.61,99,T1,P2
F24,F24-6,3.61,99,T1,P2
F24,F24-7,3.61,100,T1,P2
F24,F24-8,3.61,100,T1,P2
F24,F24-9,3.61,101,T1,P2
F24,F24-10,3.61,101,T1,P2
F24,F24-11,3.61,101,T1,P2
F24,F24-12,3.61,101,T1,P2
F25,F25-1,2.11,99,T1,P2
F25,F25-2,2.11,99,T1,P2
F25,F25-3,2.11,100,T1,P2
F25,F25-4,2.11,100,T1,P2
F25,F25-5,2.11,100,T1,P2
F25,F25-6,2.11,100,T1,P2
F25,F25-7,2.11,100,T1,P2
F25,F25-8,2.11,100,T1,P2
F25,F25-9,2.11,101,T1,P2
F25,F25-10,2.11,101,T1,P2
F25,F25-11,2.11,101,T1,P2
F25,F25-12,2.11,102,T1,P2
F25,F25-13,2.11,103,T1,P2
F26,F26-1,2.56,99,T1,P2
F26,F26-2,2.56,99,T1,P2
F26,F26-3,2.56,100,T1,P2
F26,F26-4,2.56,100,T1,P2
F26,F26-5,2.56,100,T1,P2
F26,F26-6,2.56,100,T1,P2
F26,F26-7,2.56,100,T1,P2
F26,F26-8,2.56,100,T1,P2
F26,F26-9,2.56,100,T1,P2
F26,F26-10,2.56,100,T1,P2
F26,F26-11,2.56,101,T1,P2
F26,F26-12,2.56,101,T1,P2
F27,F27-1,2.89,99,T1,P2
F27,F27-2,2.89,99,T1,P2
F27,F27-3,2.89,99,T1,P2
F27,F27-4,2.89,99,T1,P2
F27,F27-5,2.89,100,T1,P2
F27,F27-6,2.89,100,T1,P2
F27,F27-7,2.89,100,T1,P2
F27,F27-8,2.89,100,T1,P2
F27,F27-9,2.89,100,T1,P2
F27,F27-10,2.89,100,T1,P2
F27,F27-11,2.89,101,T1,P2
F27,F27-12,2.89,101,T1,P2
F27,F27-13,2.89,102,T1,P2
F28,F28-1,3.5,99,T1,P2
F28,F28-2,3.5,99,T1,P2
F28,F28-3,3.5,99,T1,P2
F28,F28-4,3.5,99,T1,P2
F28,F28-5,3.5,99,T1,P2
F28,F28-6,3.5,99,T1,P2
F28,F28-7,3.5,100,T1,P2
F28,F28-8,3.5,100,T1,P2
F28,F28-9,3.5,100,T1,P2
F28,F28-10,3.5,100,T1,P2
F28,F28-11,3.5,100,T1,P2
F28,F28-12,3.5,100,T1,P2
F28,F28-13,3.5,101,T1,P2
F29,F29-1,1.17,99,T1,P2
F29,F29-2,1.17,99,T1,P2
F29,F29-3,1.17,99,T1,P2
F29,F29-4,1.17,99,T1,P2
F29,F29-5,1.17,100,T1,P2
F29,F29-6,1.17,100,T1,P2
F29,F29-7,1.17,100,T1,P2
F29,F29-8,1.17,100,T1,P2
F29,F29-9,1.17,100,T1,P2
F29,F29-10,1.17,101,T1,P2
F29,F29-11,1.17,101,T1,P2
F29,F29-12,1.17,101,T1,P2
F29,F29-13,1.17,101,T1,P2
F30,F30-1,2.56,99,T1,P2
F30,F30-2,2.56,99,T1,P2
F30,F30-3,2.56,99,T1,P2
F30,F30-4,2.56,100,T1,P2
F30,F30-5,2.56,100,T1,P2
F30,F30-6,2.56,100,T1,P2
F30,F30-7,2.56,100,T1,P2
F30,F30-8,2.56,100,T1,P2
F30,F30-9,2.56,100,T1,P2
F30,F30-10,2.56,100,T1,P2
F30,F30-11,2.56,101,T1,P2
F30,F30-12,2.56,101,T1,P2
F31,F31-1,2.11,99,T1,P2
F31,F31-2,2.11,99,T1,P2
F31,F31-3,2.11,99,T1,P2
F31,F31-4,2.11,100,T1,P2
F31,F31-5,2.11,100,T1,P2
F31,F31-6,2.11,100,T1,P2
F31,F31-7,2.11,100,T1,P2
F31,F31-8,2.11,100,T1,P2
F31,F31-9,2.11,100,T1,P2
F31,F31-10,2.11,101,T1,P2
F31,F31-11,2.11,101,T1,P2
F31,F31-12,2.11,101,T1,P2
F32,F32-1,4.28,99,T1,P2
F32,F32-2,4.28,99,T1,P2
F32,F32-3,4.28,99,T1,P2
F32,F32-4,4.28,99,T1,P2
F32,F32-5,4.28,99,T1,P2
F32,F32-6,4.28,100,T1,P2
F32,F32-7,4.28,100,T1,P2
F32,F32-8,4.28,100,T1,P2
F32,F32-9,4.28,100,T1,P2
F32,F32-10,4.28,100,T1,P2
F32,F32-11,4.28,100,T1,P2
F32,F32-12,4.28,101,T1,P2
F33,F33-1,2.78,99,T1,P2
F33,F33-2,2.78,99,T1,P2
F33,F33-3,2.78,99,T1,P2
F33,F33-4,2.78,99,T1,P2
F33,F33-5,2.78,99,T1,P2
F33,F33-6,2.78,100,T1,P2
F33,F33-7,2.78,100,T1,P2
F33,F33-8,2.78,100,T1,P2
F33,F33-9,2.78,100,T1,P2
F33,F33-10,2.78,100,T1,P2
F33,F33-11,2.78,100,T1,P2
F33,F33-12,2.78,101,T1,P2
F34,F34-1,3.78,99,T1,P1
F34,F34-2,3.78,99,T1,P1
F34,F34-3,3.78,99,T1,P1
F34,F34-4,3.78,99,T1,P1
F34,F34-5,3.78,100,T1,P1
F34,F34-6,3.78,100,T1,P1
F34,F34-7,3.78,100,T1,P1
F34,F34-8,3.78,100,T1,P1
F34,F34-9,3.78,100,T1,P1
F34,F34-10,3.78,100,T1,P1
F34,F34-11,3.78,100,T1,P1
F34,F34-12,3.78,102,T1,P1
F35,F35-1,3.28,99,T1,P1
F35,F35-2,3.28,99,T1,P1
F35,F35-3,3.28,99,T1,P1
F35,F35-4,3.28,100,T1,P1
F35,F35-5,3.28,100,T1,P1
F35,F35-6,3.28,100,T1,P1
F35,F35-7,3.28,100,T1,P1
F35,F35-8,3.28,100,T1,P1
F35,F35-9,3.28,100,T1,P1
F35,F35-10,3.28,100,T1,P1
F35,F35-11,3.28,100,T1,P1
F35,F35-12,3.28,101,T1,P1
F35,F35-13,3.28,101,T1,P1
F36,F36-1,4.33,99,T1,P2
F36,F36-2,4.33,100,T1,P2
F36,F36-3,4.33,100,T1,P2
F36,F36-4,4.33,100,T1,P2
F36,F36-5,4.33,100,T1,P2
F36,F36-6,4.33,100,T1,P2
F36,F36-7,4.33,101,T1,P2
F36,F36-8,4.33,101,T1,P2
F36,F36-9,4.33,101,T1,P2
F36,F36-10,4.33,102,T1,P2
F36,F36-11,4.33,102,T1,P2
F36,F36-12,4.33,103,T1,P2
F36,F36-13,4.33,105,T1,P2
F37,F37-1,4.44,99,T1,P2
F37,F37-2,4.44,100,T1,P2
F37,F37-3,4.44,100,T1,P2
F37,F37-4,4.44,100,T1,P2
F37,F37-5,4.44,100,T1,P2
F37,F37-6,4.44,101,T1,P2
F37,F37-7,4.44,101,T1,P2
F37,F37-8,4.44,101,T1,P2
F37,F37-9,4.44,101,T1,P2
F37,F37-10,4.44,101,T1,P2
F37,F37-11,4.44,102,T1,P2
F37,F37-12,4.44,102,T1,P2
F37,F37-13,4.44,103,T1,P2
F38,F38-1,2.83,99,T1,P2
F38,F38-2,2.83,99,T1,P2
F38,F38-3,2.83,99,T1,P2
F38,F38-4,2.83,99,T1,P2
F38,F38-5,2.83,100,T1,P2
F38,F38-6,2.83,100,T1,P2
F38,F38-7,2.83,100,T1,P2
F38,F38-8,2.83,100,T1,P2
F38,F38-9,2.83,100,T1,P2
F38,F38-10,2.83,101,T1,P2
F38,F38-11,2.83,101,T1,P2
F38,F38-12,2.83,102,T1,P2
F39,F39-1,3.28,99,T1,P2
F39,F39-2,3.28,100,T1,P2
F39,F39-3,3.28,100,T1,P2
F39,F39-4,3.28,100,T1,P2
F39,F39-5,3.28,100,T1,P2
F39,F39-6,3.28,100,T1,P2
F39,F39-7,3.28,100,T1,P2
F39,F39-8,3.28,101,T1,P2
F39,F39-9,3.28,101,T1,P2
F39,F39-10,3.28,101,T1,P2
F39,F39-11,3.28,102,T1,P2
F39,F39-12,3.28,102,T1,P2
F40,F40-1,2.39,99,T1,P2
F40,F40-2,2.39,99,T1,P2
F40,F40-3,2.39,99,T1,P2
F40,F40-4,2.39,100,T1,P2
F40,F40-5,2.39,100,T1,P2
F40,F40-6,2.39,100,T1,P2
F40,F40-7,2.39,100,T1,P2
F40,F40-8,2.39,100,T1,P2
F40,F40-9,2.39,101,T1,P2
F40,F40-10,2.39,101,T1,P2
F40,F40-11,2.39,102,T1,P2
F40,F40-12,2.39,102,T1,P2
F40,F40-13,2.39,103,T1,P2
F41,F41-1,4.06,99,T1,P2
F41,F41-2,4.06,99,T1,P2
F41,F41-3,4.06,100,T1,P2
F41,F41-4,4.06,100,T1,P2
F41,F41-5,4.06,100,T1,P2
F41,F41-6,4.06,100,T1,P2
F41,F41-7,4.06,100,T1,P2
F41,F41-8,4.06,100,T1,P2
F41,F41-9,4.06,100,T1,P2
F41,F41-10,4.06,101,T1,P2
F41,F41-11,4.06,101,T1,P2
F41,F41-12,4.06,101,T1,P2
F41,F41-13,4.06,102,T1,P2
F42,F42-1,2,99,T1,P2
F42,F42-2,2,99,T1,P2
F42,F42-3,2,99,T1,P2
F42,F42-4,2,99,T1,P2
F42,F42-5,2,100,T1,P2
F42,F42-6,2,100,T1,P2
F42,F42-7,2,100,T1,P2
F42,F42-8,2,100,T1,P2
F42,F42-9,2,101,T1,P2
F42,F42-10,2,101,T1,P2
F42,F42-11,2,102,T1,P2
F42,F42-12,2,102,T1,P2
F43,F43-1,2.89,99,T1,P2
F43,F43-2,2.89,99,T1,P2
F43,F43-3,2.89,100,T1,P2
F43,F43-4,2.89,100,T1,P2
F43,F43-5,2.89,100,T1,P2
F43,F43-6,2.89,100,T1,P2
F43,F43-7,2.89,100,T1,P2
F43,F43-8,2.89,100,T1,P2
F43,F43-9,2.89,100,T1,P2
F43,F43-10,2.89,100,T1,P2
F43,F43-11,2.89,100,T1,P2
F43,F43-12,2.89,101,T1,P2
F43,F43-13,2.89,101,T1,P2
F44,F44-1,3.06,99,T1,P2
F44,F44-2,3.06,100,T1,P2
F44,F44-3,3.06,100,T1,P2
F44,F44-4,3.06,100,T1,P2
F44,F44-5,3.06,100,T1,P2
F44,F44-6,3.06,100,T1,P2
F44,F44-7,3.06,100,T1,P2
F44,F44-8,3.06,100,T1,P2
F44,F44-9,3.06,101,T1,P2
F44,F44-10,3.06,101,T1,P2
F44,F44-11,3.06,101,T1,P2
F44,F44-12,3.06,102,T1,P2
F44,F44-13,3.06,103,T1,P2
F45,F45-1,2.22,99,T1,P2
F45,F45-2,2.22,100,T1,P2
F45,F45-3,2.22,100,T1,P2
F45,F45-4,2.22,100,T1,P2
F45,F45-5,2.22,100,T1,P2
F45,F45-6,2.22,100,T1,P2
F45,F45-7,2.22,101,T1,P2
F45,F45-8,2.22,101,T1,P2
F45,F45-9,2.22,101,T1,P2
F45,F45-10,2.22,101,T1,P2
F45,F45-11,2.22,101,T1,P2
F46,F46-1,2.39,99,T1,P2
F46,F46-2,2.39,99,T1,P2
F46,F46-3,2.39,99,T1,P2
F46,F46-4,2.39,99,T1,P2
F46,F46-5,2.39,100,T1,P2
F46,F46-6,2.39,100,T1,P2
F46,F46-7,2.39,100,T1,P2
F46,F46-8,2.39,100,T1,P2
F46,F46-9,2.39,100,T1,P2
F46,F46-10,2.39,101,T1,P2
F46,F46-11,2.39,101,T1,P2
F46,F46-12,2.39,101,T1,P2
F46,F46-13,2.39,105,T1,P2
F47,F47-1,1.56,99,T1,P2
F47,F47-2,1.56,100,T1,P2
F47,F47-3,1.56,100,T1,P2
F47,F47-4,1.56,100,T1,P2
F47,F47-5,1.56,100,T1,P2
F47,F47-6,1.56,101,T1,P2
F47,F47-7,1.56,101,T1,P2
F47,F47-8,1.56,101,T1,P2
F47,F47-9,1.56,101,T1,P2
F47,F47-10,1.56,101,T1,P2
F47,F47-11,1.56,102,T1,P2
F47,F47-12,1.56,103,T1,P2
F47,F47-13,1.56,104,T1,P2
F48,F48-1,3.33,99,T1,P1
F48,F48-2,3.33,100,T1,P1
F48,F48-3,3.33,100,T1,P1
F48,F48-4,3.33,100,T1,P1
F48,F48-5,3.33,100,T1,P1
F48,F48-6,3.33,100,T1,P1
F48,F48-7,3.33,100,T1,P1
F48,F48-8,3.33,101,T1,P1
F48,F48-9,3.33,101,T1,P1
F48,F48-10,3.33,101,T1,P1
F48,F48-11,3.33,101,T1,P1
F48,F48-12,3.33,102,T1,P1
F49,F49-1,3.11,99,T1,P2
F49,F49-2,3.11,99,T1,P2
F49,F49-3,3.11,99,T1,P2
F49,F49-4,3.11,100,T1,P2
F49,F49-5,3.11,100,T1,P2
F49,F49-6,3.11,100,T1,P2
F49,F49-7,3.11,100,T1,P2
F49,F49-8,3.11,100,T1,P2
F49,F49-9,3.11,101,T1,P2
F49,F49-10,3.11,101,T1,P2
F49,F49-11,3.11,101,T1,P2
F49,F49-12,3.11,102,T1,P2
F49,F49-13,3.11,102,T1,P2
F50,F50-1,1.5,99,T1,P2
F50,F50-2,1.5,99,T1,P2
F50,F50-3,1.5,99,T1,P2
F50,F50-4,1.5,100,T1,P2
F50,F50-5,1.5,100,T1,P2
F50,F50-6,1.5,100,T1,P2
F50,F50-7,1.5,100,T1,P2
F50,F50-8,1.5,100,T1,P2
F50,F50-9,1.5,100,T1,P2
F50,F50-10,1.5,100,T1,P2
F50,F50-11,1.5,101,T1,P2
F50,F50-12,1.5,101,T1,P2
F50,F50-13,1.5,102,T1,P2
F51,F51-1,1.28,99,T1,P2
F51,F51-2,1.28,99,T1,P2
F51,F51-3,1.28,99,T1,P2
F51,F51-4,1.28,99,T1,P2
F51,F51-5,1.28,100,T1,P2
F51,F51-6,1.28,100,T1,P2
F51,F51-7,1.28,100,T1,P2
F51,F51-8,1.28,100,T1,P2
F51,F51-9,1.28,100,T1,P2
F51,F51-10,1.28,100,T1,P2
F51,F51-11,1.28,101,T1,P2
F51,F51-12,1.28,101,T1,P2
F51,F51-13,1.28,101,T1,P2
F52,F52-1,3.5,98,T1,P2
F52,F52-2,3.5,99,T1,P2
F52,F52-3,3.5,99,T1,P2
F52,F52-4,3.5,99,T1,P2
F52,F52-5,3.5,99,T1,P2
F52,F52-6,3.5,100,T1,P2
F52,F52-7,3.5,100,T1,P2
F52,F52-8,3.5,100,T1,P2
F52,F52-9,3.5,100,T1,P2
F52,F52-10,3.5,100,T1,P2
F52,F52-11,3.5,101,T1,P2
F52,F52-12,3.5,101,T1,P2
F53,F53-1,1.78,99,T1,P2
F53,F53-2,1.78,100,T1,P2
F53,F53-3,1.78,100,T1,P2
F53,F53-4,1.78,100,T1,P2
F53,F53-5,1.78,100,T1,P2
F53,F53-6,1.78,100,T1,P2
F53,F53-7,1.78,100,T1,P2
F53,F53-8,1.78,100,T1,P2
F53,F53-9,1.78,100,T1,P2
F53,F53-10,1.78,101,T1,P2
F53,F53-11,1.78,101,T1,P2
F53,F53-12,1.78,101,T1,P2
F53,F53-13,1.78,102,T1,P2
F54,F54-1,2.17,99,T1,P2
F54,F54-2,2.17,99,T1,P2
F54,F54-3,2.17,99,T1,P2
F54,F54-4,2.17,100,T1,P2
F54,F54-5,2.17,100,T1,P2
F54,F54-6,2.17,100,T1,P2
F54,F54-7,2.17,100,T1,P2
F54,F54-8,2.17,100,T1,P2
F54,F54-9,2.17,100,T1,P2
F54,F54-10,2.17,101,T1,P2
F54,F54-11,2.17,101,T1,P2
F54,F54-12,2.17,101,T1,P2
F54,F54-13,2.17,101,T1,P2
F55,F55-1,2.89,99,T1,P2
F55,F55-2,2.89,99,T1,P2
F55,F55-3,2.89,99,T1,P2
F55,F55-4,2.89,99,T1,P2
F55,F55-5,2.89,100,T1,P2
F55,F55-6,2.89,100,T1,P2
F55,F55-7,2.89,100,T1,P2
F55,F55-8,2.89,100,T1,P2
F55,F55-9,2.89,100,T1,P2
F55,F55-10,2.89,101,T1,P2
F55,F55-11,2.89,101,T1,P2
F55,F55-12,2.89,101,T1,P2
F55,F55-13,2.89,103,T1,P2
F56,F56-1,3.33,99,T1,P1
F56,F56-2,3.33,99,T1,P1
F56,F56-3,3.33,100,T1,P1
F56,F56-4,3.33,100,T1,P1
F56,F56-5,3.33,100,T1,P1
F56,F56-6,3.33,100,T1,P1
F56,F56-7,3.33,100,T1,P1
F56,F56-8,3.33,100,T1,P1
F56,F56-9,3.33,100,T1,P1
F56,F56-10,3.33,100,T1,P1
F56,F56-11,3.33,100,T1,P1
F56,F56-12,3.33,100,T1,P1
F56,F56-13,3.33,100,T1,P1
F56,F56-14,3.33,101,T1,P1
F56,F56-15,3.33,101,T1,P1
F56,F56-16,3.33,102,T1,P1
F56,F56-17,3.33,102,T1,P1
F56,F56-18,3.33,103,T1,P1
F56,F56-19,3.33,105,T1,P1
F57,F57-1,3.06,98,T1,P1
F57,F57-2,3.06,99,T1,P1
F57,F57-3,3.06,99,T1,P1
F57,F57-4,3.06,99,T1,P1
F57,F57-5,3.06,99,T1,P1
F57,F57-6,3.06,99,T1,P1
F57,F57-7,3.06,100,T1,P1
F57,F57-8,3.06,100,T1,P1
F57,F57-9,3.06,100,T1,P1
F57,F57-10,3.06,100,T1,P1
F57,F57-11,3.06,100,T1,P1
F57,F57-12,3.06,101,T1,P1
F57,F57-13,3.06,101,T1,P1
F58,F58-1,3.11,99,T1,P1
F58,F58-2,3.11,99,T1,P1
F58,F58-3,3.11,100,T1,P1
F58,F58-4,3.11,100,T1,P1
F58,F58-5,3.11,100,T1,P1
F58,F58-6,3.11,100,T1,P1
F58,F58-7,3.11,100,T1,P1
F58,F58-8,3.11,100,T1,P1
F58,F58-9,3.11,100,T1,P1
F58,F58-10,3.11,100,T1,P1
F58,F58-11,3.11,101,T1,P1
F58,F58-12,3.11,101,T1,P1
F59,F59-1,2.78,99,T1,P1
F59,F59-2,2.78,99,T1,P1
F59,F59-3,2.78,99,T1,P1
F59,F59-4,2.78,99,T1,P1
F59,F59-5,2.78,99,T1,P1
F59,F59-6,2.78,100,T1,P1
F59,F59-7,2.78,100,T1,P1
F59,F59-8,2.78,100,T1,P1
F59,F59-9,2.78,100,T1,P1
F59,F59-10,2.78,100,T1,P1
F59,F59-11,2.78,100,T1,P1
F59,F59-12,2.78,101,T1,P1
F60,F60-1,2.44,99,T1,P1
F60,F60-2,2.44,99,T1,P1
F60,F60-3,2.44,99,T1,P1
F60,F60-4,2.44,99,T1,P1
F60,F60-5,2.44,100,T1,P1
F60,F60-6,2.44,100,T1,P1
F60,F60-7,2.44,100,T1,P1
F60,F60-8,2.44,100,T1,P1
F60,F60-9,2.44,100,T1,P1
F60,F60-10,2.44,100,T1,P1
F60,F60-11,2.44,100,T1,P1
F60,F60-12,2.44,101,T1,P1
F60,F60-13,2.44,103,T1,P1
F61,F61-1,2.72,99,T1,P2
F61,F61-2,2.72,99,T1,P2
F61,F61-3,2.72,100,T1,P2
F61,F61-4,2.72,100,T1,P2
F61,F61-5,2.72,100,T1,P2
F61,F61-6,2.72,100,T1,P2
F61,F61-7,2.72,100,T1,P2
F61,F61-8,2.72,100,T1,P2
F61,F61-9,2.72,100,T1,P2
F61,F61-10,2.72,100,T1,P2
F61,F61-11,2.72,101,T1,P2
F61,F61-12,2.72,102,T1,P2
F62,F62-1,2.78,99,T1,P2
F62,F62-2,2.78,99,T1,P2
F62,F62-3,2.78,99,T1,P2
F62,F62-4,2.78,99,T1,P2
F62,F62-5,2.78,99,T1,P2
F62,F62-6,2.78,100,T1,P2
F62,F62-7,2.78,100,T1,P2
F62,F62-8,2.78,100,T1,P2
F62,F62-9,2.78,100,T1,P2
F62,F62-10,2.78,101,T1,P2
F62,F62-11,2.78,101,T1,P2
F62,F62-12,2.78,102,T1,P2
F62,F62-13,2.78,102,T1,P2
F63,F63-1,3.28,99,T1,P2
F63,F63-2,3.28,99,T1,P2
F63,F63-3,3.28,99,T1,P2
F63,F63-4,3.28,100,T1,P2
F63,F63-5,3.28,100,T1,P2
F63,F63-6,3.28,100,T1,P2
F63,F63-7,3.28,100,T1,P2
F63,F63-8,3.28,100,T1,P2
F63,F63-9,3.28,100,T1,P2
F63,F63-10,3.28,101,T1,P2
F63,F63-11,3.28,101,T1,P2
F63,F63-12,3.28,102,T1,P2
F64,F64-1,2.39,99,T1,P2
F64,F64-2,2.39,99,T1,P2
F64,F64-3,2.39,99,T1,P2
F64,F64-4,2.39,100,T1,P2
F64,F64-5,2.39,100,T1,P2
F64,F64-6,2.39,100,T1,P2
F64,F64-7,2.39,100,T1,P2
F64,F64-8,2.39,101,T1,P2
F64,F64-9,2.39,101,T1,P2
F64,F64-10,2.39,101,T1,P2
F64,F64-11,2.39,101,T1,P2
F64,F64-12,2.39,101,T1,P2
F64,F64-13,2.39,102,T1,P2
F65,F65-1,0.94,99,T1,P2
F65,F65-2,0.94,99,T1,P2
F65,F65-3,0.94,99,T1,P2
F65,F65-4,0.94,100,T1,P2
F65,F65-5,0.94,100,T1,P2
F65,F65-6,0.94,101,T1,P2
F65,F65-7,0.94,101,T1,P2
F65,F65-8,0.94,101,T1,P2
F65,F65-9,0.94,101,T1,P2
F65,F65-10,0.94,102,T1,P2
F65,F65-11,0.94,102,T1,P2
F65,F65-12,0.94,102,T1,P2
F65,F65-13,0.94,103,T1,P2
F66,F66-1,2.28,99,T1,P2
F66,F66-2,2.28,100,T1,P2
F66,F66-3,2.28,100,T1,P2
F66,F66-4,2.28,100,T1,P2
F66,F66-5,2.28,100,T1,P2
F66,F66-6,2.28,101,T1,P2
F66,F66-7,2.28,101,T1,P2
F66,F66-8,2.28,101,T1,P2
F66,F66-9,2.28,101,T1,P2
F66,F66-10,2.28,102,T1,P2
F66,F66-11,2.28,102,T1,P2
F66,F66-12,2.28,103,T1,P2
F66,F66-13,2.28,105,T1,P2
F67,F67-1,4.22,99,T1,P2
F67,F67-2,4.22,99,T1,P2
F67,F67-3,4.22,99,T1,P2
F67,F67-4,4.22,100,T1,P2
F67,F67-5,4.22,100,T1,P2
F67,F67-6,4.22,100,T1,P2
F67,F67-7,4.22,100,T1,P2
F67,F67-8,4.22,100,T1,P2
F67,F67-9,4.22,100,T1,P2
F67,F67-10,4.22,100,T1,P2
F67,F67-11,4.22,101,T1,P2
F67,F67-12,4.22,101,T1,P2
F67,F67-13,4.22,102,T1,P2
F68,F68-1,1.56,99,T1,P2
F68,F68-2,1.56,99,T1,P2
F68,F68-3,1.56,99,T1,P2
F68,F68-4,1.56,100,T1,P2
F68,F68-5,1.56,100,T1,P2
F68,F68-6,1.56,100,T1,P2
F68,F68-7,1.56,100,T1,P2
F68,F68-8,1.56,101,T1,P2
F68,F68-9,1.56,101,T1,P2
F68,F68-10,1.56,101,T1,P2
F68,F68-11,1.56,101,T1,P2
F68,F68-12,1.56,101,T1,P2
F69,F69-1,3.11,99,T1,P2
F69,F69-2,3.11,99,T1,P2
F69,F69-3,3.11,99,T1,P2
F69,F69-4,3.11,100,T1,P2
F69,F69-5,3.11,100,T1,P2
F69,F69-6,3.11,100,T1,P2
F69,F69-7,3.11,100,T1,P2
F69,F69-8,3.11,100,T1,P2
F69,F69-9,3.11,100,T1,P2
F69,F69-10,3.11,101,T1,P2
F69,F69-11,3.11,101,T1,P2
F69,F69-12,3.11,101,T1,P2
F70,F70-1,0.28,99,T1,P2
F70,F70-2,0.28,99,T1,P2
F70,F70-3,0.28,100,T1,P2
F70,F70-4,0.28,100,T1,P2
F70,F70-5,0.28,100,T1,P2
F70,F70-6,0.28,100,T1,P2
F70,F70-7,0.28,100,T1,P2
F70,F70-8,0.28,101,T1,P2
F70,F70-9,0.28,101,T1,P2
F70,F70-10,0.28,102,T1,P2
F70,F70-11,0.28,102,T1,P2
F71,F71-1,4.06,99,T1,P1
F71,F71-2,4.06,100,T1,P1
F71,F71-3,4.06,100,T1,P1
F71,F71-4,4.06,100,T1,P1
F71,F71-5,4.06,101,T1,P1
F71,F71-6,4.06,101,T1,P1
F71,F71-7,4.06,101,T1,P1
F71,F71-8,4.06,101,T1,P1
F71,F71-9,4.06,101,T1,P1
F71,F71-10,4.06,102,T1,P1
F71,F71-11,4.06,102,T1,P1
F71,F71-12,4.06,102,T1,P1
F71,F71-13,4.06,103,T1,P1
F72,F72-1,0.89,99,T1,P1
F72,F72-2,0.89,99,T1,P1
F72,F72-3,0.89,99,T1,P1
F72,F72-4,0.89,99,T1,P1
F72,F72-5,0.89,99,T1,P1
F72,F72-6,0.89,100,T1,P1
F72,F72-7,0.89,100,T1,P1
F72,F72-8,0.89,100,T1,P1
F72,F72-9,0.89,100,T1,P1
F72,F72-10,0.89,100,T1,P1
F72,F72-11,0.89,101,T1,P1
F72,F72-12,0.89,102,T1,P1
F73,F73-1,3.28,99,T1,P1
F73,F73-2,3.28,99,T1,P1
F73,F73-3,3.28,99,T1,P1
F73,F73-4,3.28,99,T1,P1
F73,F73-5,3.28,100,T1,P1
F73,F73-6,3.28,100,T1,P1
F73,F73-7,3.28,100,T1,P1
F73,F73-8,3.28,100,T1,P1
F73,F73-9,3.28,100,T1,P1
F73,F73-10,3.28,100,T1,P1
F73,F73-11,3.28,101,T1,P1
F73,F73-12,3.28,101,T1,P1
F73,F73-13,3.28,102,T1,P1
F74,F74-1,2.06,99,T1,P2
F74,F74-2,2.06,99,T1,P2
F74,F74-3,2.06,99,T1,P2
F74,F74-4,2.06,100,T1,P2
F74,F74-5,2.06,100,T1,P2
F74,F74-6,2.06,100,T1,P2
F74,F74-7,2.06,101,T1,P2
F74,F74-8,2.06,101,T1,P2
F74,F74-9,2.06,101,T1,P2
F74,F74-10,2.06,101,T1,P2
F74,F74-11,2.06,102,T1,P2
F74,F74-12,2.06,102,T1,P2
F74,F74-13,2.06,102,T1,P2
F75,F75-1,2.06,99,T1,P2
F75,F75-2,2.06,99,T1,P2
F75,F75-3,2.06,99,T1,P2
F75,F75-4,2.06,99,T1,P2
F75,F75-5,2.06,100,T1,P2
F75,F75-6,2.06,100,T1,P2
F75,F75-7,2.06,100,T1,P2
F75,F75-8,2.06,101,T1,P2
F75,F75-9,2.06,101,T1,P2
F75,F75-10,2.06,101,T1,P2
F75,F75-11,2.06,101,T1,P2
F75,F75-12,2.06,102,T1,P2
F75,F75-13,2.06,103,T1,P2
F76,F76-1,1.67,99,T1,P2
F76,F76-2,1.67,99,T1,P2
F76,F76-3,1.67,99,T1,P2
F76,F76-4,1.67,100,T1,P2
F76,F76-5,1.67,100,T1,P2
F76,F76-6,1.67,100,T1,P2
F76,F76-7,1.67,100,T1,P2
F76,F76-8,1.67,100,T1,P2
F76,F76-9,1.67,101,T1,P2
F76,F76-10,1.67,101,T1,P2
F76,F76-11,1.67,101,T1,P2
F76,F76-12,1.67,101,T1,P2
F76,F76-13,1.67,102,T1,P2
F77,F77-1,2.67,99,T1,P1
F77,F77-2,2.67,99,T1,P1
F77,F77-3,2.67,99,T1,P1
F77,F77-4,2.67,99,T1,P1
F77,F77-5,2.67,100,T1,P1
F77,F77-6,2.67,100,T1,P1
F77,F77-7,2.67,100,T1,P1
F77,F77-8,2.67,100,T1,P1
F77,F77-9,2.67,100,T1,P1
F77,F77-10,2.67,100,T1,P1
F77,F77-11,2.67,101,T1,P1
F77,F77-12,2.67,101,T1,P1
F78,F78-1,3.11,99,T1,P1
F78,F78-2,3.11,99,T1,P1
F78,F78-3,3.11,99,T1,P1
F78,F78-4,3.11,100,T1,P1
F78,F78-5,3.11,100,T1,P1
F78,F78-6,3.11,100,T1,P1
F78,F78-7,3.11,100,T1,P1
F78,F78-8,3.11,100,T1,P1
F78,F78-9,3.11,101,T1,P1
F78,F78-10,3.11,101,T1,P1
F78,F78-11,3.11,102,T1,P1
F78,F78-12,3.11,102,T1,P1
F79,F79-1,3.83,99,T1,P1
F79,F79-2,3.83,99,T1,P1
F79,F79-3,3.83,99,T1,P1
F79,F79-4,3.83,99,T1,P1
F79,F79-5,3.83,99,T1,P1
F79,F79-6,3.83,99,T1,P1
F79,F79-7,3.83,99,T1,P1
F79,F79-8,3.83,100,T1,P1
F79,F79-9,3.83,100,T1,P1
F79,F79-10,3.83,100,T1,P1
F79,F79-11,3.83,101,T1,P1
F79,F79-12,3.83,101,T1,P1
F79,F79-13,3.83,102,T1,P1
F80,F80-1,4.17,99,T1,P1
F80,F80-2,4.17,99,T1,P1
F80,F80-3,4.17,99,T1,P1
F80,F80-4,4.17,100,T1,P1
F80,F80-5,4.17,100,T1,P1
F80,F80-6,4.17,100,T1,P1
F80,F80-7,4.17,100,T1,P1
F80,F80-8,4.17,101,T1,P1
F80,F80-9,4.17,101,T1,P1
F80,F80-10,4.17,101,T1,P1
F80,F80-11,4.17,102,T1,P1
F80,F80-12,4.17,103,T1,P1
F80,F80-13,4.17,104,T1,P1
F81,F81-1,3.22,99,T1,P1
F81,F81-2,3.22,99,T1,P1
F81,F81-3,3.22,99,T1,P1
F81,F81-4,3.22,99,T1,P1
F81,F81-5,3.22,99,T1,P1
F81,F81-6,3.22,99,T1,P1
F81,F81-7,3.22,99,T1,P1
F81,F81-8,3.22,100,T1,P1
F81,F81-9,3.22,100,T1,P1
F81,F81-10,3.22,100,T1,P1
F81,F81-11,3.22,100,T1,P1
F81,F81-12,3.22,101,T1,P1
F81,F81-13,3.22,102,T1,P1
F82,F82-1,3.28,98,T1,P1
F82,F82-2,3.28,99,T1,P1
F82,F82-3,3.28,99,T1,P1
F82,F82-4,3.28,99,T1,P1
F82,F82-5,3.28,99,T1,P1
F82,F82-6,3.28,99,T1,P1
F82,F82-7,3.28,100,T1,P1
F82,F82-8,3.28,100,T1,P1
F82,F82-9,3.28,100,T1,P1
F82,F82-10,3.28,100,T1,P1
F82,F82-11,3.28,100,T1,P1
F82,F82-12,3.28,101,T1,P1
F82,F82-13,3.28,101,T1,P1
F83,F83-1,4.33,99,T1,P1
F83,F83-2,4.33,99,T1,P1
F83,F83-3,4.33,99,T1,P1
F83,F83-4,4.33,99,T1,P1
F83,F83-5,4.33,99,T1,P1
F83,F83-6,4.33,99,T1,P1
F83,F83-7,4.33,100,T1,P1
F83,F83-8,4.33,100,T1,P1
F83,F83-9,4.33,100,T1,P1
F83,F83-10,4.33,100,T1,P1
F83,F83-11,4.33,100,T1,P1
F83,F83-12,4.33,101,T1,P1
F83,F83-13,4.33,101,T1,P1
F84,F84-1,3,98,T1,P1
F84,F84-2,3,99,T1,P1
F84,F84-3,3,99,T1,P1
F84,F84-4,3,100,T1,P1
F84,F84-5,3,100,T1,P1
F84,F84-6,3,100,T1,P1
F84,F84-7,3,100,T1,P1
F84,F84-8,3,101,T1,P1
F84,F84-9,3,101,T1,P1
F84,F84-10,3,101,T1,P1
F84,F84-11,3,102,T1,P1
F84,F84-12,3,103,T1,P1
F84,F84-13,3,104,T1,P1
F85,F85-1,4.67,99,T1,P1
F85,F85-2,4.67,99,T1,P1
F85,F85-3,4.67,99,T1,P1
F85,F85-4,4.67,100,T1,P1
F85,F85-5,4.67,100,T1,P1
F85,F85-6,4.67,100,T1,P1
F85,F85-7,4.67,100,T1,P1
F85,F85-8,4.67,100,T1,P1
F85,F85-9,4.67,100,T1,P1
F85,F85-10,4.67,101,T1,P1
F85,F85-11,4.67,101,T1,P1
F85,F85-12,4.67,102,T1,P1
F85,F85-13,4.67,103,T1,P1
F86,F86-1,4.39,98,T1,P1
F86,F86-2,4.39,99,T1,P1
F86,F86-3,4.39,99,T1,P1
F86,F86-4,4.39,99,T1,P1
F86,F86-5,4.39,99,T1,P1
F86,F86-6,4.39,100,T1,P1
F86,F86-7,4.39,100,T1,P1
F86,F86-8,4.39,100,T1,P1
F86,F86-9,4.39,100,T1,P1
F86,F86-10,4.39,100,T1,P1
F86,F86-11,4.39,100,T1,P1
F86,F86-12,4.39,101,T1,P1
F87,F87-1,3.17,99,T1,P1
F87,F87-2,3.17,99,T1,P1
F87,F87-3,3.17,99,T1,P1
F87,F87-4,3.17,99,T1,P1
F87,F87-5,3.17,100,T1,P1
F87,F87-6,3.17,100,T1,P1
F87,F87-7,3.17,100,T1,P1
F87,F87-8,3.17,100,T1,P1
F87,F87-9,3.17,100,T1,P1
F87,F87-10,3.17,100,T1,P1
F87,F87-11,3.17,100,T1,P1
F87,F87-12,3.17,101,T1,P1
F87,F87-13,3.17,101,T1,P1
F88,F88-1,4.89,99,T1,P1
F88,F88-2,4.89,99,T1,P1
F88,F88-3,4.89,99,T1,P1
F88,F88-4,4.89,100,T1,P1
F88,F88-5,4.89,100,T1,P1
F88,F88-6,4.89,100,T1,P1
F88,F88-7,4.89,100,T1,P1
F88,F88-8,4.89,100,T1,P1
F88,F88-9,4.89,100,T1,P1
F88,F88-10,4.89,100,T1,P1
F88,F88-11,4.89,101,T1,P1
F88,F88-12,4.89,101,T1,P1
F88,F88-13,4.89,101,T1,P1
F89,F89-1,3.78,99,T1,P1
F89,F89-2,3.78,100,T1,P1
F89,F89-3,3.78,100,T1,P1
F89,F89-4,3.78,100,T1,P1
F89,F89-5,3.78,100,T1,P1
F89,F89-6,3.78,100,T1,P1
F89,F89-7,3.78,101,T1,P1
F89,F89-8,3.78,101,T1,P1
F89,F89-9,3.78,101,T1,P1
F89,F89-10,3.78,101,T1,P1
F89,F89-11,3.78,101,T1,P1
F89,F89-12,3.78,102,T1,P1
F89,F89-13,3.78,103,T1,P1
F90,F90-1,4.56,98,T1,P1
F90,F90-2,4.56,99,T1,P1
F90,F90-3,4.56,99,T1,P1
F90,F90-4,4.56,99,T1,P1
F90,F90-5,4.56,100,T1,P1
F90,F90-6,4.56,100,T1,P1
F90,F90-7,4.56,100,T1,P1
F90,F90-8,4.56,100,T1,P1
F90,F90-9,4.56,100,T1,P1
F90,F90-10,4.56,100,T1,P1
F90,F90-11,4.56,101,T1,P1
F90,F90-12,4.56,101,T1,P1
F91,F91-1,3.83,99,T1,P1
F91,F91-2,3.83,99,T1,P1
F91,F91-3,3.83,100,T1,P1
F91,F91-4,3.83,100,T1,P1
F91,F91-5,3.83,100,T1,P1
F91,F91-6,3.83,100,T1,P1
F91,F91-7,3.83,101,T1,P1
F91,F91-8,3.83,101,T1,P1
F91,F91-9,3.83,101,T1,P1
F91,F91-10,3.83,102,T1,P1
F91,F91-11,3.83,102,T1,P1
F91,F91-12,3.83,103,T1,P1
F91,F91-13,3.83,104,T1,P1
F92,F92-1,3.56,99,T1,P1
F92,F92-2,3.56,99,T1,P1
F92,F92-3,3.56,99,T1,P1
F92,F92-4,3.56,100,T1,P1
F92,F92-5,3.56,100,T1,P1
F92,F92-6,3.56,100,T1,P1
F92,F92-7,3.56,100,T1,P1
F92,F92-8,3.56,100,T1,P1
F92,F92-9,3.56,101,T1,P1
F92,F92-10,3.56,101,T1,P1
F92,F92-11,3.56,101,T1,P1
F92,F92-12,3.56,101,T1,P1
F92,F92-13,3.56,102,T1,P1
F93,F93-1,2.11,99,T1,P1
F93,F93-2,2.11,99,T1,P1
F93,F93-3,2.11,100,T1,P1
F93,F93-4,2.11,100,T1,P1
F93,F93-5,2.11,100,T1,P1
F93,F93-6,2.11,100,T1,P1
F93,F93-7,2.11,100,T1,P1
F93,F93-8,2.11,100,T1,P1
F93,F93-9,2.11,100,T1,P1
F93,F93-10,2.11,101,T1,P1
F93,F93-11,2.11,101,T1,P1
F93,F93-12,2.11,101,T1,P1
F94,F94-1,3.39,99,T1,P1
F94,F94-2,3.39,99,T1,P1
F94,F94-3,3.39,99,T1,P1
F94,F94-4,3.39,100,T1,P1
F94,F94-5,3.39,100,T1,P1
F94,F94-6,3.39,100,T1,P1
F94,F94-7,3.39,100,T1,P1
F94,F94-8,3.39,100,T1,P1
F94,F94-9,3.39,100,T1,P1
F94,F94-10,3.39,101,T1,P1
F94,F94-11,3.39,101,T1,P1
F94,F94-12,3.39,101,T1,P1
F94,F94-13,3.39,101,T1,P1
F01,F01-1,3.39,99,T2,P1
F01,F01-2,3.39,99,T2,P1
F01,F01-3,3.39,100,T2,P1
F01,F01-4,3.39,100,T2,P1
F01,F01-5,3.39,100,T2,P1
F01,F01-6,3.39,100,T2,P1
F01,F01-7,3.39,100,T2,P1
F01,F01-8,3.39,100,T2,P1
F01,F01-9,3.39,100,T2,P1
F01,F01-10,3.39,100,T2,P1
F01,F01-11,3.39,101,T2,P1
F01,F01-12,3.39,102,T2,P1
F02,F02-1,5.06,99,T2,P2
F02,F02-2,5.06,99,T2,P2
F02,F02-3,5.06,99,T2,P2
F02,F02-4,5.06,99,T2,P2
F02,F02-5,5.06,100,T2,P2
F02,F02-6,5.06,100,T2,P2
F02,F02-7,5.06,100,T2,P2
F02,F02-8,5.06,100,T2,P2
F02,F02-9,5.06,100,T2,P2
F02,F02-10,5.06,100,T2,P2
F02,F02-11,5.06,100,T2,P2
F02,F02-12,5.06,101,T2,P2
F02,F02-13,5.06,101,T2,P2
F03,F03-1,3.56,99,T2,P2
F03,F03-2,3.56,99,T2,P2
F03,F03-3,3.56,99,T2,P2
F03,F03-4,3.56,99,T2,P2
F03,F03-5,3.56,99,T2,P2
F03,F03-6,3.56,100,T2,P2
F03,F03-7,3.56,100,T2,P2
F03,F03-8,3.56,100,T2,P2
F03,F03-9,3.56,100,T2,P2
F03,F03-10,3.56,100,T2,P2
F03,F03-11,3.56,100,T2,P2
F03,F03-12,3.56,101,T2,P2
F04,F04-1,4.72,99,T2,P2
F04,F04-2,4.72,99,T2,P2
F04,F04-3,4.72,99,T2,P2
F04,F04-4,4.72,99,T2,P2
F04,F04-5,4.72,100,T2,P2
F04,F04-6,4.72,100,T2,P2
F04,F04-7,4.72,100,T2,P2
F04,F04-8,4.72,100,T2,P2
F04,F04-9,4.72,100,T2,P2
F04,F04-10,4.72,100,T2,P2
F04,F04-11,4.72,100,T2,P2
F04,F04-12,4.72,100,T2,P2
F04,F04-13,4.72,101,T2,P2
F05,F05-1,1.5,99,T2,P2
F05,F05-2,1.5,99,T2,P2
F05,F05-3,1.5,99,T2,P2
F05,F05-4,1.5,99,T2,P2
F05,F05-5,1.5,99,T2,P2
F05,F05-6,1.5,99,T2,P2
F05,F05-7,1.5,99,T2,P2
F05,F05-8,1.5,99,T2,P2
F05,F05-9,1.5,100,T2,P2
F05,F05-10,1.5,100,T2,P2
F05,F05-11,1.5,100,T2,P2
F05,F05-12,1.5,100,T2,P2
F06,F06-1,4,99,T2,P2
F06,F06-2,4,99,T2,P2
F06,F06-3,4,100,T2,P2
F06,F06-4,4,100,T2,P2
F06,F06-5,4,100,T2,P2
F06,F06-6,4,100,T2,P2
F06,F06-7,4,100,T2,P2
F06,F06-8,4,100,T2,P2
F06,F06-9,4,101,T2,P2
F06,F06-10,4,101,T2,P2
F06,F06-11,4,101,T2,P2
F06,F06-12,4,101,T2,P2
F07,F07-1,3.11,99,T2,P2
F07,F07-2,3.11,99,T2,P2
F07,F07-3,3.11,99,T2,P2
F07,F07-4,3.11,99,T2,P2
F07,F07-5,3.11,100,T2,P2
F07,F07-6,3.11,100,T2,P2
F07,F07-7,3.11,100,T2,P2
F07,F07-8,3.11,100,T2,P2
F07,F07-9,3.11,100,T2,P2
F07,F07-10,3.11,100,T2,P2
F07,F07-11,3.11,101,T2,P2
F07,F07-12,3.11,101,T2,P2
F07,F07-13,3.11,101,T2,P2
F08,F08-1,3.94,99,T2,P2
F08,F08-2,3.94,99,T2,P2
F08,F08-3,3.94,99,T2,P2
F08,F08-4,3.94,99,T2,P2
F08,F08-5,3.94,99,T2,P2
F08,F08-6,3.94,99,T2,P2
F08,F08-7,3.94,100,T2,P2
F08,F08-8,3.94,100,T2,P2
F08,F08-9,3.94,100,T2,P2
F08,F08-10,3.94,100,T2,P2
F08,F08-11,3.94,100,T2,P2
F08,F08-12,3.94,100,T2,P2
F08,F08-13,3.94,101,T2,P2
F09,F09-1,2.33,99,T2,P2
F09,F09-2,2.33,99,T2,P2
F09,F09-3,2.33,99,T2,P2
F09,F09-4,2.33,99,T2,P2
F09,F09-5,2.33,99,T2,P2
F09,F09-6,2.33,100,T2,P2
F09,F09-7,2.33,100,T2,P2
F09,F09-8,2.33,100,T2,P2
F09,F09-9,2.33,100,T2,P2
F09,F09-10,2.33,100,T2,P2
F09,F09-11,2.33,100,T2,P2
F09,F09-12,2.33,102,T2,P2
F10,F10-1,5.33,98,T2,P2
F10,F10-2,5.33,99,T2,P2
F10,F10-3,5.33,99,T2,P2
F10,F10-4,5.33,99,T2,P2
F10,F10-5,5.33,99,T2,P2
F10,F10-6,5.33,99,T2,P2
F10,F10-7,5.33,99,T2,P2
F10,F10-8,5.33,99,T2,P2
F10,F10-9,5.33,100,T2,P2
F10,F10-10,5.33,100,T2,P2
F10,F10-11,5.33,100,T2,P2
F10,F10-12,5.33,100,T2,P2
F10,F10-13,5.33,101,T2,P2
F11,F11-1,3.28,99,T2,P2
F11,F11-2,3.28,99,T2,P2
F11,F11-3,3.28,99,T2,P2
F11,F11-4,3.28,99,T2,P2
F11,F11-5,3.28,99,T2,P2
F11,F11-6,3.28,99,T2,P2
F11,F11-7,3.28,99,T2,P2
F11,F11-8,3.28,99,T2,P2
F11,F11-9,3.28,100,T2,P2
F11,F11-10,3.28,100,T2,P2
F11,F11-11,3.28,100,T2,P2
F11,F11-12,3.28,101,T2,P2
F11,F11-13,3.28,101,T2,P2
F12,F12-1,2.33,99,T2,P2
F12,F12-2,2.33,99,T2,P2
F12,F12-3,2.33,99,T2,P2
F12,F12-4,2.33,99,T2,P2
F12,F12-5,2.33,99,T2,P2
F12,F12-6,2.33,99,T2,P2
F12,F12-7,2.33,99,T2,P2
F12,F12-8,2.33,100,T2,P2
F12,F12-9,2.33,100,T2,P2
F12,F12-10,2.33,100,T2,P2
F12,F12-11,2.33,100,T2,P2
F12,F12-12,2.33,101,T2,P2
F12,F12-13,2.33,101,T2,P2
F13,F13-1,0.78,99,T2,P2
F13,F13-2,0.78,99,T2,P2
F13,F13-3,0.78,99,T2,P2
F13,F13-4,0.78,100,T2,P2
F13,F13-5,0.78,100,T2,P2
F13,F13-6,0.78,100,T2,P2
F13,F13-7,0.78,100,T2,P2
F13,F13-8,0.78,100,T2,P2
F13,F13-9,0.78,101,T2,P2
F13,F13-10,0.78,101,T2,P2
F13,F13-11,0.78,102,T2,P2
F13,F13-12,0.78,103,T2,P2
F14,F14-1,1.83,98,T2,P2
F14,F14-2,1.83,99,T2,P2
F14,F14-3,1.83,99,T2,P2
F14,F14-4,1.83,99,T2,P2
F14,F14-5,1.83,99,T2,P2
F14,F14-6,1.83,99,T2,P2
F14,F14-7,1.83,99,T2,P2
F14,F14-8,1.83,99,T2,P2
F14,F14-9,1.83,99,T2,P2
F14,F14-10,1.83,100,T2,P2
F14,F14-11,1.83,100,T2,P2
F14,F14-12,1.83,100,T2,P2
F14,F14-13,1.83,101,T2,P2
F15,F15-1,3.56,99,T2,P2
F15,F15-2,3.56,99,T2,P2
F15,F15-3,3.56,99,T2,P2
F15,F15-4,3.56,99,T2,P2
F15,F15-5,3.56,99,T2,P2
F15,F15-6,3.56,99,T2,P2
F15,F15-7,3.56,99,T2,P2
F15,F15-8,3.56,99,T2,P2
F15,F15-9,3.56,99,T2,P2
F15,F15-10,3.56,100,T2,P2
F15,F15-11,3.56,100,T2,P2
F15,F15-12,3.56,100,T2,P2
F15,F15-13,3.56,101,T2,P2
F16,F16-1,1.83,99,T2,P2
F16,F16-2,1.83,99,T2,P2
F16,F16-3,1.83,99,T2,P2
F16,F16-4,1.83,100,T2,P2
F16,F16-5,1.83,100,T2,P2
F16,F16-6,1.83,100,T2,P2
F16,F16-7,1.83,100,T2,P2
F16,F16-8,1.83,100,T2,P2
F16,F16-9,1.83,101,T2,P2
F16,F16-10,1.83,101,T2,P2
F16,F16-11,1.83,101,T2,P2
F16,F16-12,1.83,102,T2,P2
F16,F16-13,1.83,102,T2,P2
F17,F17-1,3.83,99,T2,P2
F17,F17-2,3.83,99,T2,P2
F17,F17-3,3.83,99,T2,P2
F17,F17-4,3.83,99,T2,P2
F17,F17-5,3.83,99,T2,P2
F17,F17-6,3.83,99,T2,P2
F17,F17-7,3.83,99,T2,P2
F17,F17-8,3.83,100,T2,P2
F17,F17-9,3.83,100,T2,P2
F17,F17-10,3.83,100,T2,P2
F17,F17-11,3.83,100,T2,P2
F17,F17-12,3.83,101,T2,P2
F17,F17-13,3.83,101,T2,P2
F18,F18-1,2.17,98,T2,P2
F18,F18-2,2.17,99,T2,P2
F18,F18-3,2.17,99,T2,P2
F18,F18-4,2.17,99,T2,P2
F18,F18-5,2.17,99,T2,P2
F18,F18-6,2.17,99,T2,P2
F18,F18-7,2.17,99,T2,P2
F18,F18-8,2.17,100,T2,P2
F18,F18-9,2.17,100,T2,P2
F18,F18-10,2.17,100,T2,P2
F18,F18-11,2.17,100,T2,P2
F18,F18-12,2.17,100,T2,P2
F18,F18-13,2.17,102,T2,P2
F19,F19-1,3.61,99,T2,P2
F19,F19-2,3.61,99,T2,P2
F19,F19-3,3.61,99,T2,P2
F19,F19-4,3.61,99,T2,P2
F19,F19-5,3.61,99,T2,P2
F19,F19-6,3.61,100,T2,P2
F19,F19-7,3.61,100,T2,P2
F19,F19-8,3.61,100,T2,P2
F19,F19-9,3.61,100,T2,P2
F19,F19-10,3.61,100,T2,P2
F19,F19-11,3.61,100,T2,P2
F19,F19-12,3.61,100,T2,P2
F19,F19-13,3.61,101,T2,P2
F20,F20-1,3.44,98,T2,P2
F20,F20-2,3.44,99,T2,P2
F20,F20-3,3.44,99,T2,P2
F20,F20-4,3.44,99,T2,P2
F20,F20-5,3.44,100,T2,P2
F20,F20-6,3.44,100,T2,P2
F20,F20-7,3.44,100,T2,P2
F20,F20-8,3.44,100,T2,P2
F20,F20-9,3.44,100,T2,P2
F20,F20-10,3.44,100,T2,P2
F20,F20-11,3.44,101,T2,P2
F20,F20-12,3.44,101,T2,P2
F20,F20-13,3.44,102,T2,P2
F21,F21-1,1.72,99,T2,P2
F21,F21-2,1.72,99,T2,P2
F21,F21-3,1.72,99,T2,P2
F21,F21-4,1.72,99,T2,P2
F21,F21-5,1.72,99,T2,P2
F21,F21-6,1.72,100,T2,P2
F21,F21-7,1.72,100,T2,P2
F21,F21-8,1.72,100,T2,P2
F21,F21-9,1.72,100,T2,P2
F21,F21-10,1.72,100,T2,P2
F21,F21-11,1.72,101,T2,P2
F21,F21-12,1.72,101,T2,P2
F21,F21-13,1.72,104,T2,P2
F22,F22-1,3.06,99,T2,P2
F22,F22-2,3.06,99,T2,P2
F22,F22-3,3.06,99,T2,P2
F22,F22-4,3.06,100,T2,P2
F22,F22-5,3.06,100,T2,P2
F22,F22-6,3.06,100,T2,P2
F22,F22-7,3.06,100,T2,P2
F22,F22-8,3.06,100,T2,P2
F22,F22-9,3.06,100,T2,P2
F22,F22-10,3.06,100,T2,P2
F22,F22-11,3.06,101,T2,P2
F23,F23-1,3.28,99,T2,P2
F23,F23-2,3.28,99,T2,P2
F23,F23-3,3.28,99,T2,P2
F23,F23-4,3.28,99,T2,P2
F23,F23-5,3.28,100,T2,P2
F23,F23-6,3.28,100,T2,P2
F23,F23-7,3.28,100,T2,P2
F23,F23-8,3.28,100,T2,P2
F23,F23-9,3.28,100,T2,P2
F23,F23-10,3.28,100,T2,P2
F23,F23-11,3.28,101,T2,P2
F23,F23-12,3.28,103,T2,P2
F24,F24-1,3.61,99,T2,P2
F24,F24-2,3.61,99,T2,P2
F24,F24-3,3.61,99,T2,P2
F24,F24-4,3.61,99,T2,P2
F24,F24-5,3.61,99,T2,P2
F24,F24-6,3.61,100,T2,P2
F24,F24-7,3.61,100,T2,P2
F24,F24-8,3.61,100,T2,P2
F24,F24-9,3.61,100,T2,P2
F24,F24-10,3.61,101,T2,P2
F24,F24-11,3.61,101,T2,P2
F24,F24-12,3.61,102,T2,P2
F25,F25-1,2.11,99,T2,P2
F25,F25-2,2.11,99,T2,P2
F25,F25-3,2.11,99,T2,P2
F25,F25-4,2.11,99,T2,P2
F25,F25-5,2.11,99,T2,P2
F25,F25-6,2.11,100,T2,P2
F25,F25-7,2.11,100,T2,P2
F25,F25-8,2.11,100,T2,P2
F25,F25-9,2.11,100,T2,P2
F25,F25-10,2.11,100,T2,P2
F25,F25-11,2.11,100,T2,P2
F25,F25-12,2.11,101,T2,P2
F26,F26-1,2.56,99,T2,P2
F26,F26-2,2.56,99,T2,P2
F26,F26-3,2.56,99,T2,P2
F26,F26-4,2.56,99,T2,P2
F26,F26-5,2.56,100,T2,P2
F26,F26-6,2.56,100,T2,P2
F26,F26-7,2.56,100,T2,P2
F26,F26-8,2.56,100,T2,P2
F26,F26-9,2.56,100,T2,P2
F26,F26-10,2.56,100,T2,P2
F26,F26-11,2.56,101,T2,P2
F26,F26-12,2.56,101,T2,P2
F26,F26-13,2.56,102,T2,P2
F27,F27-1,2.89,99,T2,P2
F27,F27-2,2.89,99,T2,P2
F27,F27-3,2.89,99,T2,P2
F27,F27-4,2.89,99,T2,P2
F27,F27-5,2.89,99,T2,P2
F27,F27-6,2.89,100,T2,P2
F27,F27-7,2.89,100,T2,P2
F27,F27-8,2.89,100,T2,P2
F27,F27-9,2.89,100,T2,P2
F27,F27-10,2.89,100,T2,P2
F27,F27-11,2.89,101,T2,P2
F27,F27-12,2.89,102,T2,P2
F27,F27-13,2.89,103,T2,P2
F28,F28-1,3.5,99,T2,P2
F28,F28-2,3.5,99,T2,P2
F28,F28-3,3.5,99,T2,P2
F28,F28-4,3.5,99,T2,P2
F28,F28-5,3.5,99,T2,P2
F28,F28-6,3.5,100,T2,P2
F28,F28-7,3.5,100,T2,P2
F28,F28-8,3.5,100,T2,P2
F28,F28-9,3.5,100,T2,P2
F28,F28-10,3.5,100,T2,P2
F28,F28-11,3.5,100,T2,P2
F28,F28-12,3.5,100,T2,P2
F28,F28-13,3.5,101,T2,P2
F29,F29-1,1.17,98,T2,P2
F29,F29-2,1.17,99,T2,P2
F29,F29-3,1.17,99,T2,P2
F29,F29-4,1.17,99,T2,P2
F29,F29-5,1.17,99,T2,P2
F29,F29-6,1.17,99,T2,P2
F29,F29-7,1.17,100,T2,P2
F29,F29-8,1.17,100,T2,P2
F29,F29-9,1.17,100,T2,P2
F29,F29-10,1.17,100,T2,P2
F29,F29-11,1.17,100,T2,P2
F29,F29-12,1.17,101,T2,P2
F30,F30-1,2.56,99,T2,P2
F30,F30-2,2.56,99,T2,P2
F30,F30-3,2.56,99,T2,P2
F30,F30-4,2.56,100,T2,P2
F30,F30-5,2.56,100,T2,P2
F30,F30-6,2.56,100,T2,P2
F30,F30-7,2.56,100,T2,P2
F30,F30-8,2.56,100,T2,P2
F30,F30-9,2.56,101,T2,P2
F30,F30-10,2.56,101,T2,P2
F30,F30-11,2.56,102,T2,P2
F30,F30-12,2.56,102,T2,P2